<?xml version="1.0" encoding="UTF-8"?>
<project-private xmlns="http://www.netbeans.org/ns/project-private/1">
    <editor-bookmarks xmlns="http://www.netbeans.org/ns/editor-bookmarks/2" lastBookmarkId="0"/>
    <open-files xmlns="http://www.netbeans.org/ns/projectui-open-files/2">
        <group>
            <file>file:/C:/Users/epageau/Documents/git/NeoGutenberg/README.md</file>
            <file>file:/C:/Users/epageau/Documents/git/NeoGutenberg/package.json</file>
            <file>file:/C:/Users/epageau/Documents/git/NeoGutenberg/build-release.bat</file>
            <file>file:/C:/Users/epageau/Documents/git/NeoGutenberg/main.js</file>
            <file>file:/C:/Users/epageau/Documents/git/NeoGutenberg/.gitignore</file>
        </group>
    </open-files>
</project-private>
